,SNP_rsID,Disease,hg38_Chromosome,hg38_Position,Effect_Allele,Noneffect_Allele,ML_confidence,ML_clusters,lfc,abs_lfc,jsd,alt_scores,ref_scores,max_alleles,cluster
0,rs636317,AD,chr11,60251677,C,T,2.0,",1,4,19,20,24,",1.2469166866497188,1.2469166866497188,0.2325218370396192,428.10387134552,123.03257645666599,428.10387134552,1
1,rs1237999,AD,chr11,86103988,G,A,2.0,",1,3,7,18,19,20,21,22,23,",1.1478725217099002,1.1478725217099002,0.09984604450807046,86.96274542808533,27.59424652531743,86.96274542808533,1
2,rs755951,AD,chr8,27369273,C,A,2.0,",24,",-0.8016032795653497,0.8016032795653497,0.10611123848206902,22.514044493436813,50.18632572889328,50.18632572889328,24
3,rs13025717,AD,chr2,127128582,T,C,2.0,",6,8,14,18,19,20,21,22,24,",0.4437717781687677,0.4437717781687677,0.055413960039546115,6.214257152751088,3.9871409283950925,6.214257152751088,8
4,rs4575098,AD,chr1,161185602,A,G,0.0,",1,4,",0.35868356087764874,0.35868356087764874,0.04461487793760212,371.63908514380455,259.62534764409065,371.63908514380455,1
5,rs10130373,AD,chr14,92466231,C,A,1.0,",24,",0.3405182538457958,0.3405182538457958,0.05204198532145965,113.46045432984829,80.71594201028347,113.46045432984829,24
6,rs344791,AD,chr19,45326536,C,G,2.0,",1,4,5,9,11,12,13,14,15,16,18,20,21,22,",0.33439452773220163,0.33439452773220163,0.0530796579797081,14.557179171591997,10.419611567631364,14.557179171591997,13
7,rs7900536,AD,chr10,80493945,A,C,1.0,",1,2,7,",-0.28413129595052716,0.28413129595052716,0.032412548619644675,135.27126789093018,179.722402125597,179.722402125597,1
8,rs79436576,AD,chr17,4901872,T,C,2.0,",6,11,13,14,15,19,20,21,22,24,",-0.21996527857804463,0.21996527857804463,0.0340645075565155,511.4993984103203,637.3453681468964,637.3453681468964,24
9,rs10426401,AD,chr19,44644419,G,T,2.0,",2,6,7,8,",-0.20443109539808826,0.20443109539808826,0.032133908447637416,4.782023463398218,5.866715111769736,5.866715111769736,8
10,rs7218004,AD,chr17,75032748,A,G,0.0,",14,15,19,20,21,22,23,",0.1315498417810175,0.1315498417810175,0.024132357411525484,32.71507642418146,28.682471372187138,32.71507642418146,19
11,rs2868118,AD,chr11,60332878,T,C,0.0,",24,",0.1245204640509969,0.1245204640509969,0.020254072535355508,23.305844884365797,20.577201064676046,23.305844884365797,24
12,rs12691088,AD,chr19,44915229,A,G,0.0,",3,4,5,6,9,10,11,12,13,14,15,16,17,20,21,22,23,24,",-0.10539892233044984,0.10539892233044984,0.01788300621389009,93.96546989679337,104.4100876301527,104.4100876301527,24
13,rs6684490,AD,chr1,39890483,A,G,1.0,",24,",0.07704855836215711,0.07704855836215711,0.024833389725880443,70.82357540726662,65.57164573669434,70.82357540726662,24
14,rs2303696,AD,chr19,18438074,C,T,2.0,",9,10,11,15,24,",-0.07523509996937824,0.07523509996937824,0.021737695480005027,77.60113067179918,83.66469609737396,83.66469609737396,24
15,rs2526377,AD,chr11,58332680,G,A,1.0,",24,",0.07516551604470023,0.07516551604470023,0.015663494435138713,373.55758062005043,346.50825476646423,373.55758062005043,24
16,rs35194062,AD,chr19,45001919,A,C,1.0,",4,6,8,9,",0.06510426615107626,0.06510426615107626,0.016267400673054027,68.96598166972399,64.61903957277536,68.96598166972399,8
17,rs117612135,AD,chr19,45001269,T,C,0.0,",1,4,",-0.06467311059606491,0.06467311059606491,0.02914707510030727,418.0957732051611,446.0288514941931,446.0288514941931,1
18,rs11039225,AD,chr11,47409048,A,G,0.0,",19,",-0.06443560115451456,0.06443560115451456,0.012966124020273565,35.941437005996704,38.33358731120825,38.33358731120825,19
19,rs8103622,AD,chr19,18462024,T,C,1.0,",2,11,20,21,22,",-0.04713482293324362,0.04713482293324362,0.0800106822924796,399.17587907612324,418.4414360523224,418.4414360523224,2
20,rs3810143,AD,chr19,44846145,C,T,2.0,",13,14,15,16,",0.026371020877978928,0.026371020877978928,0.015397180496026168,155.13158431649208,151.09407664835453,155.13158431649208,13
21,rs34034621,AD,chr19,45039213,T,C,2.0,",5,6,",0.0008032483678508775,0.0008032483678508775,0.007441499608122555,23.32072406075895,23.301999248564243,23.32072406075895,5
